ID,Name,PhotoURL
719742622,Sean Perez,https://randomuser.me/api/portraits/men/35.jpg
782338988,Sebastian Ortiz,https://randomuser.me/api/portraits/men/77.jpg
698886044,Wyatt Mckinney,https://randomuser.me/api/portraits/men/28.jpg
496650060,Salvador Perry,https://randomuser.me/api/portraits/men/77.jpg
328433941,Tristan Hill,https://randomuser.me/api/portraits/men/33.jpg
825248814,Alberto Mendoza,https://randomuser.me/api/portraits/men/44.jpg
699624229,Ana Gutierrez,https://randomuser.me/api/portraits/women/92.jpg
650172121,Curtis Montgomery,https://randomuser.me/api/portraits/men/95.jpg
545898185,Leslie Welch,https://randomuser.me/api/portraits/women/2.jpg
801139589,Dylan Wood,https://randomuser.me/api/portraits/men/52.jpg
